"id","company_id/id","partner_id/id","number","currency_id/id","date_invoice","journal_id/id","account_id/id","type"
"__setup__.account_invoice_36628","base.main_company","__setup__.res_partner_7429","I201712017232","base.EUR","2017-12-01","__setup__.account_journal_7","l10n_ch.1_ch_coa_1100","out_invoice"
"__setup__.account_invoice_36632","base.main_company","__setup__.res_partner_6451","I201712017233","base.USD","2017-12-01","__setup__.account_journal_7","l10n_ch.1_ch_coa_1100","out_invoice"
"__setup__.account_invoice_36649","base.main_company","__setup__.res_partner_3219","I201712047236","base.EUR","2017-12-04","__setup__.account_journal_7","l10n_ch.1_ch_coa_1100","out_invoice"
"__setup__.account_invoice_36428","base.main_company","__setup__.res_partner_6970","I201711247179","base.USD","2017-11-24","__setup__.account_journal_7","l10n_ch.1_ch_coa_1100","out_invoice"
"__setup__.account_invoice_10074","base.main_company","__setup__.res_partner_3225","","base.CHF","","__setup__.account_journal_7","l10n_ch.1_ch_coa_1100","out_invoice"
"__setup__.account_invoice_15317","base.main_company","__setup__.res_partner_4921","I201507212821","base.CHF","2015-07-21","__setup__.account_journal_7","l10n_ch.1_ch_coa_1100","out_invoice"
"__setup__.account_invoice_8874","base.main_company","__setup__.res_partner_228","I201411071865","base.CHF","2014-11-07","__setup__.account_journal_7","l10n_ch.1_ch_coa_1100","out_invoice"
"__setup__.account_invoice_15846","base.main_company","__setup__.res_partner_4531","I201508142951","base.CHF","2015-08-14","__setup__.account_journal_7","l10n_ch.1_ch_coa_1100","out_invoice"
"__setup__.account_invoice_14023","base.main_company","__setup__.res_partner_4915","I201505222547","base.CHF","2015-05-22","__setup__.account_journal_7","l10n_ch.1_ch_coa_1100","out_invoice"
"__setup__.account_invoice_16050","base.main_company","__setup__.res_partner_4737","","base.CHF","","__setup__.account_journal_7","l10n_ch.1_ch_coa_1100","out_invoice"
"__setup__.account_invoice_11082","base.main_company","__setup__.res_partner_2689","I201412091974","base.CHF","2014-12-09","__setup__.account_journal_7","l10n_ch.1_ch_coa_1100","out_invoice"
"__setup__.account_invoice_15958","base.main_company","__setup__.res_partner_1162","I201508212994","base.CHF","2015-08-21","__setup__.account_journal_7","l10n_ch.1_ch_coa_1100","out_invoice"
"__setup__.account_invoice_20869","base.main_company","__setup__.res_partner_2689","","base.CHF","","__setup__.account_journal_7","l10n_ch.1_ch_coa_1100","out_invoice"
"__setup__.account_invoice_16093","base.main_company","__setup__.res_partner_1224","I201508313036","base.CHF","2015-08-31","__setup__.account_journal_7","l10n_ch.1_ch_coa_1100","out_invoice"
"__setup__.account_invoice_16613","base.main_company","__setup__.res_partner_1162","I201509243140","base.CHF","2015-09-24","__setup__.account_journal_7","l10n_ch.1_ch_coa_1100","out_invoice"
"__setup__.account_invoice_14850","base.main_company","__setup__.res_partner_24","I201509173110","base.CHF","2015-09-17","__setup__.account_journal_7","l10n_ch.1_ch_coa_1100","out_invoice"
"__setup__.account_invoice_14847","base.main_company","__setup__.res_partner_4703","I201506292721","base.CHF","2015-06-29","__setup__.account_journal_7","l10n_ch.1_ch_coa_1100","out_invoice"
"__setup__.account_invoice_16539","base.main_company","__setup__.res_partner_1099","I201509233131","base.CHF","2015-09-23","__setup__.account_journal_7","l10n_ch.1_ch_coa_1100","out_invoice"
"__setup__.account_invoice_15461","base.main_company","__setup__.res_partner_196","I201507292866","base.CHF","2015-07-29","__setup__.account_journal_7","l10n_ch.1_ch_coa_1100","out_invoice"
"__setup__.account_invoice_16946","base.main_company","__setup__.res_partner_2689","I201510133241","base.CHF","2015-10-13","__setup__.account_journal_7","l10n_ch.1_ch_coa_1100","out_invoice"
"__setup__.account_invoice_13244","base.main_company","__setup__.res_partner_880","","base.CHF","","__setup__.account_journal_7","l10n_ch.1_ch_coa_1100","out_invoice"
"__setup__.account_invoice_36178","base.main_company","__setup__.res_partner_262","I201711157110","base.USD","2017-11-15","__setup__.account_journal_7","l10n_ch.1_ch_coa_1100","out_invoice"
"__setup__.account_invoice_30008","base.main_company","__setup__.res_partner_1162","","base.USD","2017-03-24","__setup__.account_journal_7","l10n_ch.1_ch_coa_1100","out_invoice"
"__setup__.account_invoice_20125","base.main_company","__setup__.res_partner_3095","","base.CHF","","__setup__.account_journal_7","l10n_ch.1_ch_coa_1100","out_invoice"
"__setup__.account_invoice_19081","base.main_company","__setup__.res_partner_3219","","base.CHF","","__setup__.account_journal_7","l10n_ch.1_ch_coa_1100","out_invoice"
"__setup__.account_invoice_18820","base.main_company","__setup__.res_partner_3044","I201601183666","base.CHF","2016-01-18","__setup__.account_journal_7","l10n_ch.1_ch_coa_1100","out_invoice"
"__setup__.account_invoice_18999","base.main_company","__setup__.res_partner_3765","I201601273699","base.USD","2016-01-27","__setup__.account_journal_7","l10n_ch.1_ch_coa_1100","out_invoice"
"__setup__.account_invoice_19192","base.main_company","__setup__.res_partner_4181","","base.CHF","2016-02-16","__setup__.account_journal_7","l10n_ch.1_ch_coa_1100","out_invoice"
"__setup__.account_invoice_24575","base.main_company","__setup__.res_partner_6259","","base.CHF","","__setup__.account_journal_7","l10n_ch.1_ch_coa_1100","out_invoice"
"__setup__.account_invoice_16614","base.main_company","__setup__.res_partner_1162","I201509253150","base.CHF","2015-09-25","__setup__.account_journal_7","l10n_ch.1_ch_coa_1100","out_invoice"
"__setup__.account_invoice_19864","base.main_company","__setup__.res_partner_1162","","base.CHF","2016-03-08","__setup__.account_journal_7","l10n_ch.1_ch_coa_1100","out_invoice"
"__setup__.account_invoice_21743","base.main_company","__setup__.res_partner_3219","","base.CHF","2016-05-19","__setup__.account_journal_7","l10n_ch.1_ch_coa_1100","out_invoice"
"__setup__.account_invoice_21529","base.main_company","__setup__.res_partner_1162","","base.CHF","2016-05-11","__setup__.account_journal_7","l10n_ch.1_ch_coa_1100","out_invoice"
"__setup__.account_invoice_19827","base.main_company","__setup__.res_partner_3970","","base.[FAUX] USD ","","__setup__.account_journal_7","l10n_ch.1_ch_coa_1100","out_invoice"
"__setup__.account_invoice_23191","base.main_company","__setup__.res_partner_6360","","base.CHF","","__setup__.account_journal_7","l10n_ch.1_ch_coa_1100","out_invoice"
"__setup__.account_invoice_21068","base.main_company","__setup__.res_partner_5745","","base.CHF","2016-04-22","__setup__.account_journal_7","l10n_ch.1_ch_coa_1100","out_invoice"
"__setup__.account_invoice_20969","base.main_company","__setup__.res_partner_1793","","base.CHF","2016-04-19","__setup__.account_journal_7","l10n_ch.1_ch_coa_1100","out_invoice"
"__setup__.account_invoice_20987","base.main_company","__setup__.res_partner_1793","","base.CHF","2016-04-20","__setup__.account_journal_7","l10n_ch.1_ch_coa_1100","out_invoice"
"__setup__.account_invoice_15896","base.main_company","__setup__.res_partner_1020","I201510143249","base.CHF","2015-10-14","__setup__.account_journal_7","l10n_ch.1_ch_coa_1100","out_invoice"
"__setup__.account_invoice_10472","base.main_company","__setup__.res_partner_3335","","base.USD","2014-11-07","__setup__.account_journal_7","l10n_ch.1_ch_coa_1100","out_invoice"
"__setup__.account_invoice_21941","base.main_company","__setup__.res_partner_664","","base.CHF","","__setup__.account_journal_7","l10n_ch.1_ch_coa_1100","out_invoice"
"__setup__.account_invoice_11339","base.main_company","__setup__.res_partner_3765","","base.[FAUX] USD ","","__setup__.account_journal_7","l10n_ch.1_ch_coa_1100","out_invoice"
"__setup__.account_invoice_21410","base.main_company","__setup__.res_partner_4985","","base.CHF","2016-05-09","__setup__.account_journal_7","l10n_ch.1_ch_coa_1100","out_invoice"
"__setup__.account_invoice_21075","base.main_company","__setup__.res_partner_4359","I201604224011","base.CHF","2016-04-22","__setup__.account_journal_7","l10n_ch.1_ch_coa_1100","out_invoice"
"__setup__.account_invoice_21562","base.main_company","__setup__.res_partner_10","","base.CHF","2016-05-19","__setup__.account_journal_7","l10n_ch.1_ch_coa_1100","out_invoice"
"__setup__.account_invoice_11239","base.main_company","__setup__.res_partner_1162","","base.CHF","2014-12-17","__setup__.account_journal_7","l10n_ch.1_ch_coa_1100","out_invoice"
"__setup__.account_invoice_11568","base.main_company","__setup__.res_partner_954","","base.CHF","2015-01-07","__setup__.account_journal_7","l10n_ch.1_ch_coa_1100","out_invoice"
"__setup__.account_invoice_22087","base.main_company","__setup__.res_partner_1162","","base.CHF","","__setup__.account_journal_7","l10n_ch.1_ch_coa_1100","out_invoice"
"__setup__.account_invoice_12004","base.main_company","__setup__.res_partner_3483","I201506222687","base.USD","2015-06-22","__setup__.account_journal_7","l10n_ch.1_ch_coa_1100","out_invoice"
"__setup__.account_invoice_27311","base.main_company","__setup__.res_partner_954","","base.CHF","","__setup__.account_journal_7","l10n_ch.1_ch_coa_1100","out_invoice"
"__setup__.account_invoice_22091","base.main_company","__setup__.res_partner_1162","I201606014182","base.CHF","2016-06-01","__setup__.account_journal_7","l10n_ch.1_ch_coa_1100","out_invoice"
"__setup__.account_invoice_25215","base.main_company","__setup__.res_partner_24","","base.CHF","","__setup__.account_journal_7","l10n_ch.1_ch_coa_1100","out_invoice"
"__setup__.account_invoice_36353","base.main_company","__setup__.res_partner_7723","I201711227155","base.CHF","2017-11-22","__setup__.account_journal_7","l10n_ch.1_ch_coa_1100","out_invoice"
"__setup__.account_invoice_34802","base.main_company","__setup__.res_partner_7049","I201709256798","base.USD","2017-09-25","__setup__.account_journal_7","l10n_ch.1_ch_coa_1100","out_invoice"
"__setup__.account_invoice_12339","base.main_company","__setup__.res_partner_3095","I201502242223","base.CHF","2015-02-24","__setup__.account_journal_7","l10n_ch.1_ch_coa_1100","out_invoice"
"__setup__.account_invoice_7890","base.main_company","__setup__.res_partner_3398","I201406041337","base.CHF","2014-06-04","__setup__.account_journal_7","l10n_ch.1_ch_coa_1100","out_invoice"
"__setup__.account_invoice_12343","base.main_company","__setup__.res_partner_3095","I201502242224","base.CHF","2015-02-24","__setup__.account_journal_7","l10n_ch.1_ch_coa_1100","out_invoice"
"__setup__.account_invoice_25725","base.main_company","__setup__.res_partner_3169","","base.EUR","2016-10-12","__setup__.account_journal_7","l10n_ch.1_ch_coa_1100","out_invoice"
"__setup__.account_invoice_25727","base.main_company","__setup__.res_partner_3169","","base.EUR","","__setup__.account_journal_7","l10n_ch.1_ch_coa_1100","out_invoice"
"__setup__.account_invoice_27239","base.main_company","__setup__.res_partner_6662","I201612195200","base.USD","2016-12-19","__setup__.account_journal_7","l10n_ch.1_ch_coa_1100","out_invoice"
"__setup__.account_invoice_25728","base.main_company","__setup__.res_partner_3169","","base.EUR","","__setup__.account_journal_7","l10n_ch.1_ch_coa_1100","out_invoice"
"__setup__.account_invoice_26139","base.main_company","__setup__.res_partner_6274","I201610274881","base.CHF","2016-10-27","__setup__.account_journal_7","l10n_ch.1_ch_coa_1100","out_invoice"
"__setup__.account_invoice_24346","base.main_company","__setup__.res_partner_38","I201609294740","base.CHF","2016-09-29","__setup__.account_journal_7","l10n_ch.1_ch_coa_1100","out_invoice"
"__setup__.account_invoice_25420","base.main_company","__setup__.res_partner_91","I201609304757","base.CHF","2016-09-30","__setup__.account_journal_7","l10n_ch.1_ch_coa_1100","out_invoice"
"__setup__.account_invoice_25096","base.main_company","__setup__.res_partner_5130","I201609214687","base.CHF","2016-09-21","__setup__.account_journal_7","l10n_ch.1_ch_coa_1100","out_invoice"
"__setup__.account_invoice_22594","base.main_company","__setup__.res_partner_4181","I201606224273","base.CHF","2016-06-22","__setup__.account_journal_7","l10n_ch.1_ch_coa_1100","out_invoice"
"__setup__.account_invoice_25200","base.main_company","__setup__.res_partner_1162","I201609234707","base.CHF","2016-09-23","__setup__.account_journal_7","l10n_ch.1_ch_coa_1100","out_invoice"
"__setup__.account_invoice_24623","base.main_company","__setup__.res_partner_6089","I201609024600","base.CHF","2016-09-02","__setup__.account_journal_7","l10n_ch.1_ch_coa_1100","out_invoice"
"__setup__.account_invoice_25791","base.main_company","__setup__.res_partner_5393","I201610254859","base.CHF","2016-10-25","__setup__.account_journal_7","l10n_ch.1_ch_coa_1100","out_invoice"
"__setup__.account_invoice_24675","base.main_company","__setup__.res_partner_2840","","base.CHF","2016-09-05","__setup__.account_journal_7","l10n_ch.1_ch_coa_1100","out_invoice"
"__setup__.account_invoice_25767","base.main_company","__setup__.res_partner_1162","","base.USD","2016-10-13","__setup__.account_journal_7","l10n_ch.1_ch_coa_1100","out_invoice"
"__setup__.account_invoice_25267","base.main_company","__setup__.res_partner_2689","","base.CHF","","__setup__.account_journal_7","l10n_ch.1_ch_coa_1100","out_invoice"
"__setup__.account_invoice_23820","base.main_company","__setup__.res_partner_6394","I201608034481","base.CHF","2016-08-03","__setup__.account_journal_7","l10n_ch.1_ch_coa_1100","out_invoice"
"__setup__.account_invoice_25623","base.main_company","__setup__.res_partner_2848","","base.CHF","","__setup__.account_journal_7","l10n_ch.1_ch_coa_1100","out_invoice"
"__setup__.account_invoice_24894","base.main_company","__setup__.res_partner_4181","","base.CHF","2016-09-13","__setup__.account_journal_7","l10n_ch.1_ch_coa_1100","out_invoice"
"__setup__.account_invoice_25385","base.main_company","__setup__.res_partner_5393","I201609294744","base.CHF","2016-09-29","__setup__.account_journal_7","l10n_ch.1_ch_coa_1100","out_invoice"
"__setup__.account_invoice_25780","base.main_company","__setup__.res_partner_3746","","base.CHF","2016-10-14","__setup__.account_journal_7","l10n_ch.1_ch_coa_1100","out_invoice"
"__setup__.account_invoice_24594","base.main_company","__setup__.res_partner_1021","I201608314585","base.CHF","2016-08-31","__setup__.account_journal_7","l10n_ch.1_ch_coa_1100","out_invoice"
"__setup__.account_invoice_26376","base.main_company","__setup__.res_partner_5763","","base.CHF","","__setup__.account_journal_7","l10n_ch.1_ch_coa_1100","out_invoice"
"__setup__.account_invoice_25792","base.main_company","__setup__.res_partner_3746","I201610144829","base.CHF","2016-10-14","__setup__.account_journal_7","l10n_ch.1_ch_coa_1100","out_invoice"
"__setup__.account_invoice_26809","base.main_company","__setup__.res_partner_6257","I201611235049","base.EUR","2016-11-23","__setup__.account_journal_7","l10n_ch.1_ch_coa_1100","out_invoice"
"__setup__.account_invoice_26165","base.main_company","__setup__.res_partner_6274","I201610274889","base.CHF","2016-10-27","__setup__.account_journal_7","l10n_ch.1_ch_coa_1100","out_invoice"
"__setup__.account_invoice_26886","base.main_company","__setup__.res_partner_2689","","base.USD","2016-11-23","__setup__.account_journal_7","l10n_ch.1_ch_coa_1100","out_invoice"
"__setup__.account_invoice_21102","base.main_company","__setup__.res_partner_1162","I201604254017","base.CHF","2016-04-25","__setup__.account_journal_7","l10n_ch.1_ch_coa_1100","out_invoice"
"__setup__.account_invoice_28441","base.main_company","__setup__.res_partner_4985","","base.CHF","","__setup__.account_journal_7","l10n_ch.1_ch_coa_1100","out_invoice"
"__setup__.account_invoice_25581","base.main_company","__setup__.res_partner_1097","I201610264877","base.CHF","2016-10-26","__setup__.account_journal_7","l10n_ch.1_ch_coa_1100","out_invoice"
"__setup__.account_invoice_26188","base.main_company","__setup__.res_partner_196","","base.CHF","2016-10-28","__setup__.account_journal_7","l10n_ch.1_ch_coa_1100","out_invoice"
"__setup__.account_invoice_32276","base.main_company","__setup__.res_partner_7049","I201706156228","base.USD","2017-06-15","__setup__.account_journal_7","l10n_ch.1_ch_coa_1100","out_invoice"
"__setup__.account_invoice_26075","base.main_company","__setup__.res_partner_6431","I201610254868","base.CHF","2016-10-25","__setup__.account_journal_7","l10n_ch.1_ch_coa_1100","out_invoice"
"__setup__.account_invoice_29578","base.main_company","__setup__.res_partner_6137","","base.CHF","2017-03-09","__setup__.account_journal_7","l10n_ch.1_ch_coa_1100","out_invoice"
"__setup__.account_invoice_27984","base.main_company","__setup__.res_partner_6137","I201701065272","base.CHF","2017-01-06","__setup__.account_journal_7","l10n_ch.1_ch_coa_1100","out_invoice"
"__setup__.account_invoice_26536","base.main_company","__setup__.res_partner_1162","","base.[FAUX] USD ","2016-11-10","__setup__.account_journal_7","l10n_ch.1_ch_coa_1100","out_invoice"
"__setup__.account_invoice_27007","base.main_company","__setup__.res_partner_5536","I201611305088","base.CHF","2016-11-30","__setup__.account_journal_7","l10n_ch.1_ch_coa_1100","out_invoice"
"__setup__.account_invoice_24621","base.main_company","__setup__.res_partner_5745","I201609014593","base.CHF","2016-09-01","__setup__.account_journal_7","l10n_ch.1_ch_coa_1100","out_invoice"
"__setup__.account_invoice_26706","base.main_company","__setup__.res_partner_6662","I201611215034","base.USD","2016-11-21","__setup__.account_journal_7","l10n_ch.1_ch_coa_1100","out_invoice"
"__setup__.account_invoice_27304","base.main_company","__setup__.res_partner_3282","","base.EUR","2016-12-13","__setup__.account_journal_7","l10n_ch.1_ch_coa_1100","out_invoice"
"__setup__.account_invoice_28763","base.main_company","base.main_company","","base.USD","","__setup__.account_journal_7","l10n_ch.1_ch_coa_1100","out_invoice"
"__setup__.account_invoice_31749","base.main_company","__setup__.res_partner_7235","I201705306129","base.EUR","2017-05-30","__setup__.account_journal_7","l10n_ch.1_ch_coa_1100","out_invoice"
"__setup__.account_invoice_29638","base.main_company","__setup__.res_partner_6970","","base.USD","","__setup__.account_journal_7","l10n_ch.1_ch_coa_1100","out_invoice"
"__setup__.account_invoice_28480","base.main_company","__setup__.res_partner_6662","","base.USD","","__setup__.account_journal_7","l10n_ch.1_ch_coa_1100","out_invoice"
"__setup__.account_invoice_29948","base.main_company","__setup__.res_partner_4457","I201703225703","base.CHF","2017-03-22","__setup__.account_journal_7","l10n_ch.1_ch_coa_1100","out_invoice"
"__setup__.account_invoice_28388","base.main_company","__setup__.res_partner_2563","I201701245353","base.CHF","2017-01-24","__setup__.account_journal_7","l10n_ch.1_ch_coa_1100","out_invoice"
"__setup__.account_invoice_28515","base.main_company","__setup__.res_partner_196","I201701305384","base.USD","2017-01-30","__setup__.account_journal_7","l10n_ch.1_ch_coa_1100","out_invoice"
"__setup__.account_invoice_27944","base.main_company","__setup__.company_mte","I201701055262","base.USD","2017-01-05","__setup__.account_journal_7","l10n_ch.1_ch_coa_1100","out_invoice"
"__setup__.account_invoice_33936","base.main_company","__setup__.res_partner_954","I201709276810","base.EUR","2017-09-27","__setup__.account_journal_7","l10n_ch.1_ch_coa_1100","out_invoice"
"__setup__.account_invoice_29794","base.main_company","__setup__.res_partner_197","I201703165660","base.EUR","2017-03-16","__setup__.account_journal_7","l10n_ch.1_ch_coa_1100","out_invoice"
"__setup__.account_invoice_36046","base.main_company","__setup__.res_partner_91","I201711097061","base.USD","2017-11-09","__setup__.account_journal_7","l10n_ch.1_ch_coa_1100","out_invoice"
"__setup__.account_invoice_32319","base.main_company","__setup__.res_partner_5630","I201706206248","base.CHF","2017-06-20","__setup__.account_journal_7","l10n_ch.1_ch_coa_1100","out_invoice"
"__setup__.account_invoice_29619","base.main_company","__setup__.res_partner_6808","","base.EUR","2017-03-10","__setup__.account_journal_7","l10n_ch.1_ch_coa_1100","out_invoice"
"__setup__.account_invoice_29757","base.main_company","__setup__.res_partner_5596","I201703155643","base.CHF","2017-03-15","__setup__.account_journal_7","l10n_ch.1_ch_coa_1100","out_invoice"
"__setup__.account_invoice_36174","base.main_company","__setup__.res_partner_7316","I201711157112","base.EUR","2017-11-15","__setup__.account_journal_7","l10n_ch.1_ch_coa_1100","out_invoice"
"__setup__.account_invoice_30030","base.main_company","__setup__.res_partner_4298","I201703245728","base.CHF","2017-03-24","__setup__.account_journal_7","l10n_ch.1_ch_coa_1100","out_invoice"
"__setup__.account_invoice_36350","base.main_company","__setup__.res_partner_6456","I201711227157","base.EUR","2017-11-22","__setup__.account_journal_7","l10n_ch.1_ch_coa_1100","out_invoice"
"__setup__.account_invoice_35933","base.main_company","__setup__.res_partner_91","I201711077042","base.USD","2017-11-07","__setup__.account_journal_7","l10n_ch.1_ch_coa_1100","out_invoice"
"__setup__.account_invoice_31075","base.main_company","__setup__.res_partner_1792","I201705035963","base.USD","2017-05-03","__setup__.account_journal_7","l10n_ch.1_ch_coa_1100","out_invoice"
"__setup__.account_invoice_33997","base.main_company","__setup__.res_partner_6970","I201708286627","base.USD","2017-08-28","__setup__.account_journal_7","l10n_ch.1_ch_coa_1100","out_invoice"
"__setup__.account_invoice_32606","base.main_company","__setup__.res_partner_6456","I201707176412","base.EUR","2017-07-17","__setup__.account_journal_7","l10n_ch.1_ch_coa_1100","out_invoice"
"__setup__.account_invoice_34992","base.main_company","__setup__.res_partner_6887","I201710026830","base.USD","2017-10-02","__setup__.account_journal_7","l10n_ch.1_ch_coa_1100","out_invoice"
"__setup__.account_invoice_34757","base.main_company","__setup__.res_partner_91","I201709216781","base.USD","2017-09-21","__setup__.account_journal_7","l10n_ch.1_ch_coa_1100","out_invoice"
"__setup__.account_invoice_33297","base.main_company","__setup__.res_partner_6970","I201707266444","base.USD","2017-07-26","__setup__.account_journal_7","l10n_ch.1_ch_coa_1100","out_invoice"
"__setup__.account_invoice_35936","base.main_company","__setup__.res_partner_262","I201711077039","base.USD","2017-11-07","__setup__.account_journal_7","l10n_ch.1_ch_coa_1100","out_invoice"
"__setup__.account_invoice_30521","base.main_company","__setup__.res_partner_3219","","base.EUR","2017-04-11","__setup__.account_journal_7","l10n_ch.1_ch_coa_1100","out_invoice"
"__setup__.account_invoice_36285","base.main_company","__setup__.res_partner_2839","I201711207134","base.USD","2017-11-20","__setup__.account_journal_7","l10n_ch.1_ch_coa_1100","out_invoice"
"__setup__.account_invoice_33083","base.main_company","__setup__.res_partner_6970","I201707206424","base.USD","2017-07-20","__setup__.account_journal_7","l10n_ch.1_ch_coa_1100","out_invoice"
"__setup__.account_invoice_30591","base.main_company","__setup__.res_partner_2839","","base.USD","2017-04-13","__setup__.account_journal_7","l10n_ch.1_ch_coa_1100","out_invoice"
"__setup__.account_invoice_30672","base.main_company","__setup__.res_partner_6451","","base.USD","","__setup__.account_journal_7","l10n_ch.1_ch_coa_1100","out_invoice"
"__setup__.account_invoice_33802","base.main_company","__setup__.res_partner_6887","I201708176566","base.USD","2017-08-17","__setup__.account_journal_7","l10n_ch.1_ch_coa_1100","out_invoice"
"__setup__.account_invoice_31285","base.main_company","__setup__.res_partner_3712","I201705106011","base.EUR","2017-05-10","__setup__.account_journal_7","l10n_ch.1_ch_coa_1100","out_invoice"
"__setup__.account_invoice_35566","base.main_company","__setup__.res_partner_3","I201711097063","base.EUR","2017-11-09","__setup__.account_journal_7","l10n_ch.1_ch_coa_1100","out_invoice"
"__setup__.account_invoice_36222","base.main_company","__setup__.res_partner_7248","I201711277182","base.USD","2017-11-27","__setup__.account_journal_7","l10n_ch.1_ch_coa_1100","out_invoice"
"__setup__.account_invoice_35465","base.main_company","__setup__.res_partner_91","I201710206930","base.USD","2017-10-20","__setup__.account_journal_7","l10n_ch.1_ch_coa_1100","out_invoice"
"__setup__.account_invoice_33465","base.main_company","__setup__.res_partner_1162","","base.USD","","__setup__.account_journal_7","l10n_ch.1_ch_coa_1100","out_invoice"
"__setup__.account_invoice_30589","base.main_company","__setup__.res_partner_2809","I201705156038","base.CHF","2017-05-15","__setup__.account_journal_7","l10n_ch.1_ch_coa_1100","out_invoice"
"__setup__.account_invoice_32822","base.main_company","__setup__.res_partner_95","I201707176411","base.CHF","2017-07-17","__setup__.account_journal_7","l10n_ch.1_ch_coa_1100","out_invoice"
"__setup__.account_invoice_35472","base.main_company","__setup__.res_partner_3297","I201710236938","base.CHF","2017-10-23","__setup__.account_journal_7","l10n_ch.1_ch_coa_1100","out_invoice"
"__setup__.account_invoice_34022","base.main_company","__setup__.res_partner_6274","I201708286629","base.USD","2017-08-28","__setup__.account_journal_7","l10n_ch.1_ch_coa_1100","out_invoice"
"__setup__.account_invoice_35363","base.main_company","__setup__.res_partner_7049","I201710176908","base.USD","2017-10-17","__setup__.account_journal_7","l10n_ch.1_ch_coa_1100","out_invoice"
"__setup__.account_invoice_33741","base.main_company","__setup__.res_partner_5512","I201708146538","base.CHF","2017-08-14","__setup__.account_journal_7","l10n_ch.1_ch_coa_1100","out_invoice"
"__setup__.account_invoice_36346","base.main_company","__setup__.res_partner_91","I201711227158","base.USD","2017-11-22","__setup__.account_journal_7","l10n_ch.1_ch_coa_1100","out_invoice"
"__setup__.account_invoice_36675","base.main_company","__setup__.res_partner_91","I201712047235","base.USD","2017-12-04","__setup__.account_journal_7","l10n_ch.1_ch_coa_1100","out_invoice"
"__setup__.account_invoice_33162","base.main_company","__setup__.res_partner_24","I201707206425","base.EUR","2017-07-20","__setup__.account_journal_7","l10n_ch.1_ch_coa_1100","out_invoice"
"__setup__.account_invoice_36412","base.main_company","__setup__.res_partner_2637","I201711237170","base.USD","2017-11-23","__setup__.account_journal_7","l10n_ch.1_ch_coa_1100","out_invoice"
"__setup__.account_invoice_33797","base.main_company","__setup__.res_partner_883","I201708236606","base.CHF","2017-08-23","__setup__.account_journal_7","l10n_ch.1_ch_coa_1100","out_invoice"
"__setup__.account_invoice_33852","base.main_company","__setup__.res_partner_1290","I201708236605","base.CHF","2017-08-23","__setup__.account_journal_7","l10n_ch.1_ch_coa_1100","out_invoice"
"__setup__.account_invoice_33017","base.main_company","__setup__.res_partner_6456","I201707136391","base.EUR","2017-07-13","__setup__.account_journal_7","l10n_ch.1_ch_coa_1100","out_invoice"
"__setup__.account_invoice_36678","base.main_company","__setup__.res_partner_1099","I201712047234","base.CHF","2017-12-04","__setup__.account_journal_7","l10n_ch.1_ch_coa_1100","out_invoice"
"__setup__.account_invoice_33980","base.main_company","__setup__.res_partner_7049","I201708256619","base.USD","2017-08-25","__setup__.account_journal_7","l10n_ch.1_ch_coa_1100","out_invoice"
"__setup__.account_invoice_34729","base.main_company","__setup__.res_partner_6274","I201709206768","base.USD","2017-09-20","__setup__.account_journal_7","l10n_ch.1_ch_coa_1100","out_invoice"
"__setup__.account_invoice_36080","base.main_company","__setup__.res_partner_1099","I201711277183","base.USD","2017-11-27","__setup__.account_journal_7","l10n_ch.1_ch_coa_1100","out_invoice"
"__setup__.account_invoice_36645","base.main_company","__setup__.res_partner_4737","I201712047237","base.USD","2017-12-04","__setup__.account_journal_7","l10n_ch.1_ch_coa_1100","out_invoice"
"__setup__.account_invoice_34558","base.main_company","__setup__.res_partner_6451","I201709136721","base.USD","2017-09-13","__setup__.account_journal_7","l10n_ch.1_ch_coa_1100","out_invoice"
"__setup__.account_invoice_32659","base.main_company","__setup__.res_partner_6923","I201706306318","base.USD","2017-06-30","__setup__.account_journal_7","l10n_ch.1_ch_coa_1100","out_invoice"
"__setup__.account_invoice_35935","base.main_company","__setup__.res_partner_262","I201711077040","base.USD","2017-11-07","__setup__.account_journal_7","l10n_ch.1_ch_coa_1100","out_invoice"
"__setup__.account_invoice_35008","base.main_company","__setup__.res_partner_2839","I201710036840","base.USD","2017-10-03","__setup__.account_journal_7","l10n_ch.1_ch_coa_1100","out_invoice"
"__setup__.account_invoice_31943","base.main_company","__setup__.res_partner_196","I201706086194","base.USD","2017-06-08","__setup__.account_journal_7","l10n_ch.1_ch_coa_1100","out_invoice"
"__setup__.account_invoice_33314","base.main_company","__setup__.res_partner_787","I201708076494","base.EUR","2017-08-07","__setup__.account_journal_7","l10n_ch.1_ch_coa_1100","out_invoice"
"__setup__.account_invoice_29771","base.main_company","__setup__.res_partner_4526","I201704025769","base.CHF","2017-04-02","__setup__.account_journal_7","l10n_ch.1_ch_coa_1100","out_invoice"
"__setup__.account_invoice_36642","base.main_company","__setup__.res_partner_954","I201712047238","base.EUR","2017-12-04","__setup__.account_journal_7","l10n_ch.1_ch_coa_1100","out_invoice"
"__setup__.account_invoice_34220","base.main_company","__setup__.res_partner_6456","I201709066689","base.EUR","2017-09-06","__setup__.account_journal_7","l10n_ch.1_ch_coa_1100","out_invoice"
"__setup__.account_invoice_30949","base.main_company","__setup__.res_partner_1792","I201704285947","base.USD","2017-04-28","__setup__.account_journal_7","l10n_ch.1_ch_coa_1100","out_invoice"
"__setup__.account_invoice_35191","base.main_company","__setup__.res_partner_1309","I201710096861","base.EUR","2017-10-09","__setup__.account_journal_7","l10n_ch.1_ch_coa_1100","out_invoice"
"__setup__.account_invoice_32415","base.main_company","__setup__.res_partner_4737","","base.USD","","__setup__.account_journal_7","l10n_ch.1_ch_coa_1100","out_invoice"
"__setup__.account_invoice_35266","base.main_company","__setup__.res_partner_5219","I201710236940","base.CHF","2017-10-23","__setup__.account_journal_7","l10n_ch.1_ch_coa_1100","out_invoice"
"__setup__.account_invoice_32130","base.main_company","__setup__.res_partner_6047","I201706096205","base.USD","2017-06-09","__setup__.account_journal_7","l10n_ch.1_ch_coa_1100","out_invoice"
"__setup__.account_invoice_36641","base.main_company","__setup__.res_partner_954","I201712047239","base.EUR","2017-12-04","__setup__.account_journal_7","l10n_ch.1_ch_coa_1100","out_invoice"
"__setup__.account_invoice_34796","base.main_company","__setup__.res_partner_3","I201710026832","base.EUR","2017-10-02","__setup__.account_journal_7","l10n_ch.1_ch_coa_1100","out_invoice"
"__setup__.account_invoice_33170","base.main_company","__setup__.res_partner_6970","","base.USD","","__setup__.account_journal_7","l10n_ch.1_ch_coa_1100","out_invoice"
"__setup__.account_invoice_35608","base.main_company","__setup__.res_partner_2796","I201710317008","base.CHF","2017-10-31","__setup__.account_journal_7","l10n_ch.1_ch_coa_1100","out_invoice"
"__setup__.account_invoice_31260","base.main_company","__setup__.res_partner_3219","I201705106000","base.EUR","2017-05-10","__setup__.account_journal_7","l10n_ch.1_ch_coa_1100","out_invoice"
"__setup__.account_invoice_32801","base.main_company","__setup__.res_partner_24","I201707046347","base.CHF","2017-07-04","__setup__.account_journal_7","l10n_ch.1_ch_coa_1100","out_invoice"
"__setup__.account_invoice_31477","base.main_company","__setup__.res_partner_5077","I201705236085","base.CHF","2017-05-23","__setup__.account_journal_7","l10n_ch.1_ch_coa_1100","out_invoice"
"__setup__.account_invoice_33110","base.main_company","__setup__.res_partner_6278","I201708036481","base.USD","2017-08-03","__setup__.account_journal_7","l10n_ch.1_ch_coa_1100","out_invoice"
"__setup__.account_invoice_34714","base.main_company","__setup__.res_partner_1155","I201710186914","base.EUR","2017-10-18","__setup__.account_journal_7","l10n_ch.1_ch_coa_1100","out_invoice"
"__setup__.account_invoice_35934","base.main_company","__setup__.res_partner_262","I201711077041","base.USD","2017-11-07","__setup__.account_journal_7","l10n_ch.1_ch_coa_1100","out_invoice"
"__setup__.account_invoice_32881","base.main_company","__setup__.res_partner_5745","I201707076369","base.USD","2017-07-07","__setup__.account_journal_7","l10n_ch.1_ch_coa_1100","out_invoice"
"__setup__.account_invoice_35281","base.main_company","__setup__.res_partner_2689","I201710116879","base.USD","2017-10-11","__setup__.account_journal_7","l10n_ch.1_ch_coa_1100","out_invoice"
"__setup__.account_invoice_36206","base.main_company","__setup__.res_partner_7248","I201711167121","base.USD","2017-11-16","__setup__.account_journal_7","l10n_ch.1_ch_coa_1100","out_invoice"
"__setup__.account_invoice_36202","base.main_company","__setup__.res_partner_2689","I201711167122","base.USD","2017-11-16","__setup__.account_journal_7","l10n_ch.1_ch_coa_1100","out_invoice"
"__setup__.account_invoice_30092","base.main_company","__setup__.res_partner_5130","I201708036480","base.USD","2017-08-03","__setup__.account_journal_7","l10n_ch.1_ch_coa_1100","out_invoice"
"__setup__.account_invoice_34739","base.main_company","__setup__.res_partner_24","I201709206775","base.EUR","2017-09-20","__setup__.account_journal_7","l10n_ch.1_ch_coa_1100","out_invoice"
"__setup__.account_invoice_36314","base.main_company","__setup__.res_partner_262","I201711217149","base.USD","2017-11-21","__setup__.account_journal_7","l10n_ch.1_ch_coa_1100","out_invoice"
"__setup__.account_invoice_36317","base.main_company","__setup__.res_partner_6319","I201711217147","base.USD","2017-11-21","__setup__.account_journal_7","l10n_ch.1_ch_coa_1100","out_invoice"
"__setup__.account_invoice_33761","base.main_company","__setup__.res_partner_1099","I201708156548","base.USD","2017-08-15","__setup__.account_journal_7","l10n_ch.1_ch_coa_1100","out_invoice"
"__setup__.account_invoice_32129","base.main_company","__setup__.res_partner_6047","I201706096206","base.USD","2017-06-09","__setup__.account_journal_7","l10n_ch.1_ch_coa_1100","out_invoice"
"__setup__.account_invoice_35438","base.main_company","__setup__.res_partner_4985","I201710317009","base.CHF","2017-10-31","__setup__.account_journal_7","l10n_ch.1_ch_coa_1100","out_invoice"
"__setup__.account_invoice_36303","base.main_company","__setup__.res_partner_145","I201712047241","base.EUR","2017-12-04","__setup__.account_journal_7","l10n_ch.1_ch_coa_1100","out_invoice"
"__setup__.account_invoice_33329","base.main_company","__setup__.res_partner_3","I201707266452","base.EUR","2017-07-26","__setup__.account_journal_7","l10n_ch.1_ch_coa_1100","out_invoice"
"__setup__.account_invoice_33174","base.main_company","__setup__.res_partner_3225","I201707206430","base.USD","2017-07-20","__setup__.account_journal_7","l10n_ch.1_ch_coa_1100","out_invoice"
"__setup__.account_invoice_35329","base.main_company","__setup__.res_partner_2649","I201710317010","base.EUR","2017-10-31","__setup__.account_journal_7","l10n_ch.1_ch_coa_1100","out_invoice"
"__setup__.account_invoice_33592","base.main_company","__setup__.res_partner_6360","I201708076498","base.CHF","2017-08-07","__setup__.account_journal_7","l10n_ch.1_ch_coa_1100","out_invoice"
"__setup__.account_invoice_30924","base.main_company","__setup__.res_partner_2689","I201709256800","base.USD","2017-09-25","__setup__.account_journal_7","l10n_ch.1_ch_coa_1100","out_invoice"
"__setup__.account_invoice_32673","base.main_company","__setup__.res_partner_5130","I201706306327","base.USD","2017-06-30","__setup__.account_journal_7","l10n_ch.1_ch_coa_1100","out_invoice"
"__setup__.account_invoice_34868","base.main_company","__setup__.res_partner_3843","I201710186916","base.CHF","2017-10-18","__setup__.account_journal_7","l10n_ch.1_ch_coa_1100","out_invoice"
"__setup__.account_invoice_36315","base.main_company","__setup__.res_partner_262","I201711217148","base.USD","2017-11-21","__setup__.account_journal_7","l10n_ch.1_ch_coa_1100","out_invoice"
"__setup__.account_invoice_35510","base.main_company","__setup__.res_partner_1162","I201710246949","base.USD","2017-10-24","__setup__.account_journal_7","l10n_ch.1_ch_coa_1100","out_invoice"
"__setup__.account_invoice_36441","base.main_company","__setup__.res_partner_5763","I201711277184","base.EUR","2017-11-27","__setup__.account_journal_7","l10n_ch.1_ch_coa_1100","out_invoice"
"__setup__.account_invoice_36288","base.main_company","__setup__.res_partner_954","I201711207135","base.EUR","2017-11-20","__setup__.account_journal_7","l10n_ch.1_ch_coa_1100","out_invoice"
"__setup__.account_invoice_32504","base.main_company","__setup__.res_partner_7313","I201706266277","base.USD","2017-06-26","__setup__.account_journal_7","l10n_ch.1_ch_coa_1100","out_invoice"
"__setup__.account_invoice_32597","base.main_company","__setup__.res_partner_1792","I201706286308","base.USD","2017-06-28","__setup__.account_journal_7","l10n_ch.1_ch_coa_1100","out_invoice"
"__setup__.account_invoice_32596","base.main_company","__setup__.res_partner_1792","I201706286306","base.USD","2017-06-28","__setup__.account_journal_7","l10n_ch.1_ch_coa_1100","out_invoice"
"__setup__.account_invoice_35006","base.main_company","__setup__.res_partner_2689","I201710066856","base.USD","2017-10-06","__setup__.account_journal_7","l10n_ch.1_ch_coa_1100","out_invoice"
"__setup__.account_invoice_33169","base.main_company","__setup__.res_partner_6970","","base.USD","2017-07-20","__setup__.account_journal_7","l10n_ch.1_ch_coa_1100","out_invoice"
"__setup__.account_invoice_34551","base.main_company","__setup__.res_partner_6456","I201709126712","base.EUR","2017-09-12","__setup__.account_journal_7","l10n_ch.1_ch_coa_1100","out_invoice"
"__setup__.account_invoice_34357","base.main_company","__setup__.res_partner_211","","base.EUR","2017-09-06","__setup__.account_journal_7","l10n_ch.1_ch_coa_1100","out_invoice"
"__setup__.account_invoice_33862","base.main_company","__setup__.res_partner_6274","I201708216587","base.USD","2017-08-21","__setup__.account_journal_7","l10n_ch.1_ch_coa_1100","out_invoice"
"__setup__.account_invoice_35003","base.main_company","__setup__.res_partner_2689","I201710026835","base.USD","2017-10-02","__setup__.account_journal_7","l10n_ch.1_ch_coa_1100","out_invoice"
"__setup__.account_invoice_35692","base.main_company","__setup__.res_partner_7248","I201710317013","base.USD","2017-10-31","__setup__.account_journal_7","l10n_ch.1_ch_coa_1100","out_invoice"
"__setup__.account_invoice_33325","base.main_company","__setup__.res_partner_3","I201708086506","base.EUR","2017-08-08","__setup__.account_journal_7","l10n_ch.1_ch_coa_1100","out_invoice"
"__setup__.account_invoice_35660","base.main_company","__setup__.res_partner_3169","I201710306998","base.EUR","2017-10-30","__setup__.account_journal_7","l10n_ch.1_ch_coa_1100","out_invoice"
"__setup__.account_invoice_35925","base.main_company","__setup__.res_partner_3684","I201711077045","base.EUR","2017-11-07","__setup__.account_journal_7","l10n_ch.1_ch_coa_1100","out_invoice"
"__setup__.account_invoice_32889","base.main_company","__setup__.res_partner_7316","I201707076372","base.EUR","2017-07-07","__setup__.account_journal_7","l10n_ch.1_ch_coa_1100","out_invoice"
"__setup__.account_invoice_35222","base.main_company","__setup__.res_partner_6274","I201710096870","base.USD","2017-10-09","__setup__.account_journal_7","l10n_ch.1_ch_coa_1100","out_invoice"
"__setup__.account_invoice_33842","base.main_company","__setup__.res_partner_6047","I201708186578","base.USD","2017-08-18","__setup__.account_journal_7","l10n_ch.1_ch_coa_1100","out_invoice"
"__setup__.account_invoice_36306","base.main_company","__setup__.res_partner_91","I201711217150","base.USD","2017-11-21","__setup__.account_journal_7","l10n_ch.1_ch_coa_1100","out_invoice"
"__setup__.account_invoice_32731","base.main_company","__setup__.res_partner_6887","I201706306335","base.USD","2017-06-30","__setup__.account_journal_7","l10n_ch.1_ch_coa_1100","out_invoice"
"__setup__.account_invoice_36305","base.main_company","__setup__.res_partner_1021","I201711217151","base.EUR","2017-11-21","__setup__.account_journal_7","l10n_ch.1_ch_coa_1100","out_invoice"
"__setup__.account_invoice_34554","base.main_company","__setup__.res_partner_7110","","base.EUR","","__setup__.account_journal_7","l10n_ch.1_ch_coa_1100","out_invoice"
"__setup__.account_invoice_29779","base.main_company","__setup__.res_partner_197","I201703165654","base.EUR","2017-03-16","__setup__.account_journal_7","l10n_ch.1_ch_coa_1100","out_invoice"
"__setup__.account_invoice_34302","base.main_company","__setup__.res_partner_6451","I201709046681","base.USD","2017-09-04","__setup__.account_journal_7","l10n_ch.1_ch_coa_1100","out_invoice"
"__setup__.account_invoice_36177","base.main_company","__setup__.res_partner_91","I201711157111","base.USD","2017-11-15","__setup__.account_journal_7","l10n_ch.1_ch_coa_1100","out_invoice"
"__setup__.account_invoice_34555","base.main_company","__setup__.res_partner_7110","","base.EUR","","__setup__.account_journal_7","l10n_ch.1_ch_coa_1100","out_invoice"
"__setup__.account_invoice_33674","base.main_company","__setup__.res_partner_6456","I201708096518","base.EUR","2017-08-09","__setup__.account_journal_7","l10n_ch.1_ch_coa_1100","out_invoice"
"__setup__.account_invoice_33038","base.main_company","__setup__.res_partner_6274","I201707146401","base.USD","2017-07-14","__setup__.account_journal_7","l10n_ch.1_ch_coa_1100","out_invoice"
"__setup__.account_invoice_35217","base.main_company","__setup__.res_partner_7248","I201710096865","base.USD","2017-10-09","__setup__.account_journal_7","l10n_ch.1_ch_coa_1100","out_invoice"
"__setup__.account_invoice_33688","base.main_company","__setup__.res_partner_6712","I201708106522","base.USD","2017-08-10","__setup__.account_journal_7","l10n_ch.1_ch_coa_1100","out_invoice"
"__setup__.account_invoice_34502","base.main_company","__setup__.res_partner_2839","I201709116704","base.USD","2017-09-11","__setup__.account_journal_7","l10n_ch.1_ch_coa_1100","out_invoice"
"__setup__.account_invoice_35352","base.main_company","__setup__.res_partner_2839","I201710166906","base.USD","2017-10-16","__setup__.account_journal_7","l10n_ch.1_ch_coa_1100","out_invoice"
"__setup__.account_invoice_33037","base.main_company","__setup__.res_partner_7147","","base.USD","2017-07-14","__setup__.account_journal_7","l10n_ch.1_ch_coa_1100","out_invoice"
"__setup__.account_invoice_36051","base.main_company","__setup__.res_partner_5221","I201711097065","base.CHF","2017-11-09","__setup__.account_journal_7","l10n_ch.1_ch_coa_1100","out_invoice"
"__setup__.account_invoice_34192","base.main_company","__setup__.res_partner_6970","I201708316654","base.USD","2017-08-31","__setup__.account_journal_7","l10n_ch.1_ch_coa_1100","out_invoice"
"__setup__.account_invoice_35514","base.main_company","__setup__.res_partner_1311","I201710246953","base.EUR","2017-10-24","__setup__.account_journal_7","l10n_ch.1_ch_coa_1100","out_invoice"
"__setup__.account_invoice_33521","base.main_company","__setup__.res_partner_6278","I201708036484","base.USD","2017-08-03","__setup__.account_journal_7","l10n_ch.1_ch_coa_1100","out_invoice"
"__setup__.account_invoice_34699","base.main_company","__setup__.res_partner_6182","I201709196753","base.USD","2017-09-19","__setup__.account_journal_7","l10n_ch.1_ch_coa_1100","out_invoice"
"__setup__.account_invoice_36116","base.main_company","__setup__.res_partner_3095","I201711137093","base.USD","2017-11-13","__setup__.account_journal_7","l10n_ch.1_ch_coa_1100","out_invoice"
"__setup__.account_invoice_36438","base.main_company","__setup__.res_partner_6970","I201711247180","base.USD","2017-11-24","__setup__.account_journal_7","l10n_ch.1_ch_coa_1100","out_invoice"
"__setup__.account_invoice_35513","base.main_company","__setup__.res_partner_1311","I201710246954","base.EUR","2017-10-24","__setup__.account_journal_7","l10n_ch.1_ch_coa_1100","out_invoice"
"__setup__.account_invoice_34957","base.main_company","__setup__.res_partner_2866","I201710196928","base.CHF","2017-10-19","__setup__.account_journal_7","l10n_ch.1_ch_coa_1100","out_invoice"
"__setup__.account_invoice_35362","base.main_company","__setup__.res_partner_10","I201710176909","base.USD","2017-10-17","__setup__.account_journal_7","l10n_ch.1_ch_coa_1100","out_invoice"
"__setup__.account_invoice_36115","base.main_company","__setup__.res_partner_3169","","base.EUR","2017-11-13","__setup__.account_journal_7","l10n_ch.1_ch_coa_1100","out_invoice"
"__setup__.account_invoice_35467","base.main_company","__setup__.company_mte","","base.USD","","__setup__.account_journal_7","l10n_ch.1_ch_coa_1100","out_invoice"
"__setup__.account_invoice_34841","base.main_company","__setup__.res_partner_954","I201709266804","base.EUR","2017-09-26","__setup__.account_journal_7","l10n_ch.1_ch_coa_1100","out_invoice"
"__setup__.account_invoice_36291","base.main_company","__setup__.res_partner_2689","I201711207137","base.USD","2017-11-20","__setup__.account_journal_7","l10n_ch.1_ch_coa_1100","out_invoice"
"__setup__.account_invoice_34771","base.main_company","__setup__.res_partner_7429","I201709216787","base.EUR","2017-09-21","__setup__.account_journal_7","l10n_ch.1_ch_coa_1100","out_invoice"
"__setup__.account_invoice_32106","base.main_company","__setup__.res_partner_538","I201706096204","base.USD","2017-06-09","__setup__.account_journal_7","l10n_ch.1_ch_coa_1100","out_invoice"
"__setup__.account_invoice_35402","base.main_company","__setup__.res_partner_2649","I201710266968","base.EUR","2017-10-26","__setup__.account_journal_7","l10n_ch.1_ch_coa_1100","out_invoice"
"__setup__.account_invoice_35504","base.main_company","__setup__.res_partner_2649","I201711137090","base.EUR","2017-11-13","__setup__.account_journal_7","l10n_ch.1_ch_coa_1100","out_invoice"
"__setup__.account_invoice_32395","base.main_company","__setup__.res_partner_3169","I201707176413","base.EUR","2017-07-17","__setup__.account_journal_7","l10n_ch.1_ch_coa_1100","out_invoice"
"__setup__.account_invoice_35468","base.main_company","__setup__.company_mte","","base.USD","","__setup__.account_journal_7","l10n_ch.1_ch_coa_1100","out_invoice"
"__setup__.account_invoice_36443","base.main_company","__setup__.res_partner_5745","I201711277185","base.USD","2017-11-27","__setup__.account_journal_7","l10n_ch.1_ch_coa_1100","out_invoice"
"__setup__.account_invoice_33366","base.main_company","__setup__.res_partner_3613","I201708306644","base.CHF","2017-08-30","__setup__.account_journal_7","l10n_ch.1_ch_coa_1100","out_invoice"
"__setup__.account_invoice_35740","base.main_company","__setup__.res_partner_3169","I201711067036","base.EUR","2017-11-06","__setup__.account_journal_7","l10n_ch.1_ch_coa_1100","out_invoice"
"__setup__.account_invoice_36290","base.main_company","__setup__.res_partner_2689","I201711207138","base.USD","2017-11-20","__setup__.account_journal_7","l10n_ch.1_ch_coa_1100","out_invoice"
"__setup__.account_invoice_33947","base.main_company","__setup__.res_partner_6138","","base.CHF","2017-08-23","__setup__.account_journal_7","l10n_ch.1_ch_coa_1100","out_invoice"
"__setup__.account_invoice_35496","base.main_company","__setup__.res_partner_6274","I201710236945","base.USD","2017-10-23","__setup__.account_journal_7","l10n_ch.1_ch_coa_1100","out_invoice"
"__setup__.account_invoice_33939","base.main_company","__setup__.res_partner_6278","I201708236604","base.USD","2017-08-23","__setup__.account_journal_7","l10n_ch.1_ch_coa_1100","out_invoice"
"__setup__.account_invoice_36320","base.main_company","__setup__.res_partner_7316","I201711217146","base.EUR","2017-11-21","__setup__.account_journal_7","l10n_ch.1_ch_coa_1100","out_invoice"
"__setup__.account_invoice_33935","base.main_company","__setup__.res_partner_883","I201708226597","base.CHF","2017-08-22","__setup__.account_journal_7","l10n_ch.1_ch_coa_1100","out_invoice"
"__setup__.account_invoice_35634","base.main_company","__setup__.res_partner_4737","I201711137092","base.USD","2017-11-13","__setup__.account_journal_7","l10n_ch.1_ch_coa_1100","out_invoice"
"__setup__.account_invoice_34535","base.main_company","__setup__.res_partner_538","I201709116711","base.USD","2017-09-11","__setup__.account_journal_7","l10n_ch.1_ch_coa_1100","out_invoice"
"__setup__.account_invoice_35922","base.main_company","__setup__.res_partner_2689","I201711067038","base.USD","2017-11-06","__setup__.account_journal_7","l10n_ch.1_ch_coa_1100","out_invoice"
"__setup__.account_invoice_34785","base.main_company","__setup__.res_partner_7207","I201709226790","base.USD","2017-09-22","__setup__.account_journal_7","l10n_ch.1_ch_coa_1100","out_invoice"
"__setup__.account_invoice_34245","base.main_company","__setup__.res_partner_4520","I201709016669","base.USD","2017-09-01","__setup__.account_journal_7","l10n_ch.1_ch_coa_1100","out_invoice"
"__setup__.account_invoice_35601","base.main_company","__setup__.res_partner_24","I201710266965","base.EUR","2017-10-26","__setup__.account_journal_7","l10n_ch.1_ch_coa_1100","out_invoice"
"__setup__.account_invoice_34538","base.main_company","__setup__.res_partner_4737","","base.USD","","__setup__.account_journal_7","l10n_ch.1_ch_coa_1100","out_invoice"
"__setup__.account_invoice_35074","base.main_company","__setup__.res_partner_6923","I201710046848","base.USD","2017-10-04","__setup__.account_journal_7","l10n_ch.1_ch_coa_1100","out_invoice"
"__setup__.account_invoice_35989","base.main_company","__setup__.res_partner_1311","I201711087054","base.EUR","2017-11-08","__setup__.account_journal_7","l10n_ch.1_ch_coa_1100","out_invoice"
"__setup__.account_invoice_36293","base.main_company","__setup__.res_partner_954","I201711207139","base.EUR","2017-11-20","__setup__.account_journal_7","l10n_ch.1_ch_coa_1100","out_invoice"
"__setup__.account_invoice_36415","base.main_company","__setup__.res_partner_3169","I201711237172","base.EUR","2017-11-23","__setup__.account_journal_7","l10n_ch.1_ch_coa_1100","out_invoice"
"__setup__.account_invoice_34756","base.main_company","__setup__.res_partner_7316","I201709216780","base.EUR","2017-09-21","__setup__.account_journal_7","l10n_ch.1_ch_coa_1100","out_invoice"
"__setup__.account_invoice_35038","base.main_company","__setup__.res_partner_6184","I201710036844","base.USD","2017-10-03","__setup__.account_journal_7","l10n_ch.1_ch_coa_1100","out_invoice"
"__setup__.account_invoice_36445","base.main_company","__setup__.res_partner_1309","I201711277188","base.EUR","2017-11-27","__setup__.account_journal_7","l10n_ch.1_ch_coa_1100","out_invoice"
"__setup__.account_invoice_34322","base.main_company","__setup__.res_partner_4359","I201709056685","base.CHF","2017-09-05","__setup__.account_journal_7","l10n_ch.1_ch_coa_1100","out_invoice"
"__setup__.account_invoice_35485","base.main_company","__setup__.res_partner_262","I201711077048","base.USD","2017-11-07","__setup__.account_journal_7","l10n_ch.1_ch_coa_1100","out_invoice"
"__setup__.account_invoice_36266","base.main_company","__setup__.res_partner_3095","I201711177126","base.USD","2017-11-17","__setup__.account_journal_7","l10n_ch.1_ch_coa_1100","out_invoice"
"__setup__.account_invoice_34937","base.main_company","__setup__.res_partner_7199","I201709286816","base.CHF","2017-09-28","__setup__.account_journal_7","l10n_ch.1_ch_coa_1100","out_invoice"
"__setup__.account_invoice_35030","base.main_company","__setup__.res_partner_24","I201710036845","base.EUR","2017-10-03","__setup__.account_journal_7","l10n_ch.1_ch_coa_1100","out_invoice"
"__setup__.account_invoice_35602","base.main_company","__setup__.res_partner_24","I201710266967","base.EUR","2017-10-26","__setup__.account_journal_7","l10n_ch.1_ch_coa_1100","out_invoice"
"__setup__.account_invoice_35646","base.main_company","__setup__.res_partner_7207","I201710306995","base.USD","2017-10-30","__setup__.account_journal_7","l10n_ch.1_ch_coa_1100","out_invoice"
"__setup__.account_invoice_36399","base.main_company","__setup__.res_partner_2689","I201711237173","base.USD","2017-11-23","__setup__.account_journal_7","l10n_ch.1_ch_coa_1100","out_invoice"
"__setup__.account_invoice_36444","base.main_company","__setup__.res_partner_1311","I201711277189","base.EUR","2017-11-27","__setup__.account_journal_7","l10n_ch.1_ch_coa_1100","out_invoice"
"__setup__.account_invoice_35610","base.main_company","__setup__.res_partner_4456","I201710276972","base.CHF","2017-10-27","__setup__.account_journal_7","l10n_ch.1_ch_coa_1100","out_invoice"
"__setup__.account_invoice_35540","base.main_company","__setup__.res_partner_10","I201710256957","base.USD","2017-10-25","__setup__.account_journal_7","l10n_ch.1_ch_coa_1100","out_invoice"
"__setup__.account_invoice_35312","base.main_company","__setup__.res_partner_1099","I201711077050","base.USD","2017-11-07","__setup__.account_journal_7","l10n_ch.1_ch_coa_1100","out_invoice"
"__setup__.account_invoice_34715","base.main_company","__setup__.res_partner_3","I201709196755","base.EUR","2017-09-19","__setup__.account_journal_7","l10n_ch.1_ch_coa_1100","out_invoice"
"__setup__.account_invoice_36265","base.main_company","__setup__.res_partner_3169","I201711177127","base.EUR","2017-11-17","__setup__.account_journal_7","l10n_ch.1_ch_coa_1100","out_invoice"
"__setup__.account_invoice_35647","base.main_company","__setup__.res_partner_1162","I201710306996","base.USD","2017-10-30","__setup__.account_journal_7","l10n_ch.1_ch_coa_1100","out_invoice"
"__setup__.account_invoice_35342","base.main_company","__setup__.res_partner_7207","I201710136897","base.USD","2017-10-13","__setup__.account_journal_7","l10n_ch.1_ch_coa_1100","out_invoice"
"__setup__.account_invoice_36450","base.main_company","__setup__.res_partner_5596","I201711277190","base.EUR","2017-11-27","__setup__.account_journal_7","l10n_ch.1_ch_coa_1100","out_invoice"
"__setup__.account_invoice_35627","base.main_company","__setup__.res_partner_6970","I201710276974","base.USD","2017-10-27","__setup__.account_journal_7","l10n_ch.1_ch_coa_1100","out_invoice"
"__setup__.account_invoice_35626","base.main_company","__setup__.res_partner_262","I201710276975","base.USD","2017-10-27","__setup__.account_journal_7","l10n_ch.1_ch_coa_1100","out_invoice"
"__setup__.account_invoice_36451","base.main_company","__setup__.res_partner_405","I201711277191","base.CHF","2017-11-27","__setup__.account_journal_7","l10n_ch.1_ch_coa_1100","out_invoice"
"__setup__.account_invoice_34248","base.main_company","__setup__.res_partner_6970","I201709016668","base.USD","2017-09-01","__setup__.account_journal_7","l10n_ch.1_ch_coa_1100","out_invoice"
"__setup__.account_invoice_36114","base.main_company","__setup__.res_partner_1311","I201711137094","base.EUR","2017-11-13","__setup__.account_journal_7","l10n_ch.1_ch_coa_1100","out_invoice"
"__setup__.account_invoice_36109","base.main_company","__setup__.res_partner_1099","I201711137082","base.USD","2017-11-13","__setup__.account_journal_7","l10n_ch.1_ch_coa_1100","out_invoice"
"__setup__.account_invoice_35625","base.main_company","__setup__.res_partner_2839","I201710276976","base.USD","2017-10-27","__setup__.account_journal_7","l10n_ch.1_ch_coa_1100","out_invoice"
"__setup__.account_invoice_36292","base.main_company","__setup__.res_partner_211","I201711207140","base.EUR","2017-11-20","__setup__.account_journal_7","l10n_ch.1_ch_coa_1100","out_invoice"
"__setup__.account_invoice_36207","base.main_company","__setup__.res_partner_7715","I201711167120","base.EUR","2017-11-16","__setup__.account_journal_7","l10n_ch.1_ch_coa_1100","out_invoice"
"__setup__.account_invoice_35484","base.main_company","__setup__.res_partner_7316","I201710236937","base.EUR","2017-10-23","__setup__.account_journal_7","l10n_ch.1_ch_coa_1100","out_invoice"
"__setup__.account_invoice_35899","base.main_company","__setup__.res_partner_7316","I201711037034","base.EUR","2017-11-03","__setup__.account_journal_7","l10n_ch.1_ch_coa_1100","out_invoice"
"__setup__.account_invoice_34039","base.main_company","__setup__.res_partner_1021","I201709196762","base.EUR","2017-09-19","__setup__.account_journal_7","l10n_ch.1_ch_coa_1100","out_invoice"
"__setup__.account_invoice_35620","base.main_company","__setup__.res_partner_1162","I201710276979","base.USD","2017-10-27","__setup__.account_journal_7","l10n_ch.1_ch_coa_1100","out_invoice"
"__setup__.account_invoice_36452","base.main_company","__setup__.res_partner_5763","I201711277192","base.EUR","2017-11-27","__setup__.account_journal_7","l10n_ch.1_ch_coa_1100","out_invoice"
"__setup__.account_invoice_35629","base.main_company","__setup__.res_partner_601","I201710276973","base.USD","2017-10-27","__setup__.account_journal_7","l10n_ch.1_ch_coa_1100","out_invoice"
"__setup__.account_invoice_34993","base.main_company","__setup__.res_partner_601","I201710026829","base.USD","2017-10-02","__setup__.account_journal_7","l10n_ch.1_ch_coa_1100","out_invoice"
"__setup__.account_invoice_36112","base.main_company","__setup__.res_partner_601","I201711137091","base.USD","2017-11-13","__setup__.account_journal_7","l10n_ch.1_ch_coa_1100","out_invoice"
"__setup__.account_invoice_35311","base.main_company","__setup__.res_partner_6923","I201710126888","base.USD","2017-10-12","__setup__.account_journal_7","l10n_ch.1_ch_coa_1100","out_invoice"
"__setup__.account_invoice_36686","base.main_company","__setup__.res_partner_2734","I201712047242","base.CHF","2017-12-04","__setup__.account_journal_7","l10n_ch.1_ch_coa_1100","out_invoice"
"__setup__.account_invoice_36098","base.main_company","__setup__.res_partner_1099","I201711177130","base.USD","2017-11-17","__setup__.account_journal_7","l10n_ch.1_ch_coa_1100","out_invoice"
"__setup__.account_invoice_34286","base.main_company","__setup__.res_partner_5082","I201709016676","base.CHF","2017-09-01","__setup__.account_journal_7","l10n_ch.1_ch_coa_1100","out_invoice"
"__setup__.account_invoice_32570","base.main_company","__setup__.res_partner_7313","I201706286301","base.USD","2017-06-28","__setup__.account_journal_7","l10n_ch.1_ch_coa_1100","out_invoice"
"__setup__.account_invoice_35224","base.main_company","__setup__.res_partner_2689","I201710126887","base.USD","2017-10-12","__setup__.account_journal_7","l10n_ch.1_ch_coa_1100","out_invoice"
"__setup__.account_invoice_36417","base.main_company","__setup__.res_partner_7603","I201711237174","base.EUR","2017-11-23","__setup__.account_journal_7","l10n_ch.1_ch_coa_1100","out_invoice"
"__setup__.account_invoice_34789","base.main_company","__setup__.res_partner_6360","I201709266807","base.CHF","2017-09-26","__setup__.account_journal_7","l10n_ch.1_ch_coa_1100","out_invoice"
"__setup__.account_invoice_36131","base.main_company","__setup__.res_partner_4737","I201711147098","base.USD","2017-11-14","__setup__.account_journal_7","l10n_ch.1_ch_coa_1100","out_invoice"
"__setup__.account_invoice_35194","base.main_company","__setup__.res_partner_2839","I201710096859","base.USD","2017-10-09","__setup__.account_journal_7","l10n_ch.1_ch_coa_1100","out_invoice"
"__setup__.account_invoice_36414","base.main_company","__setup__.res_partner_24","I201711237175","base.EUR","2017-11-23","__setup__.account_journal_7","l10n_ch.1_ch_coa_1100","out_invoice"
"__setup__.account_invoice_36685","base.main_company","__setup__.res_partner_7211","I201712047243","base.USD","2017-12-04","__setup__.account_journal_7","l10n_ch.1_ch_coa_1100","out_invoice"
"__setup__.account_invoice_36220","base.main_company","__setup__.res_partner_2839","I201711167119","base.USD","2017-11-16","__setup__.account_journal_7","l10n_ch.1_ch_coa_1100","out_invoice"
"__setup__.account_invoice_36121","base.main_company","__setup__.res_partner_1309","I201711137095","base.EUR","2017-11-13","__setup__.account_journal_7","l10n_ch.1_ch_coa_1100","out_invoice"
"__setup__.account_invoice_35635","base.main_company","__setup__.res_partner_1309","I201710276982","base.EUR","2017-10-27","__setup__.account_journal_7","l10n_ch.1_ch_coa_1100","out_invoice"
"__setup__.account_invoice_36234","base.main_company","__setup__.res_partner_7248","I201711167124","base.USD","2017-11-16","__setup__.account_journal_7","l10n_ch.1_ch_coa_1100","out_invoice"
"__setup__.account_invoice_35682","base.main_company","__setup__.res_partner_4520","I201710307004","base.USD","2017-10-30","__setup__.account_journal_7","l10n_ch.1_ch_coa_1100","out_invoice"
"__setup__.account_invoice_36600","base.main_company","__setup__.res_partner_196","I201711307220","base.USD","2017-11-30","__setup__.account_journal_7","l10n_ch.1_ch_coa_1100","out_invoice"
"__setup__.account_invoice_32742","base.main_company","__setup__.res_partner_1162","I201707036337","base.USD","2017-07-03","__setup__.account_journal_7","l10n_ch.1_ch_coa_1100","out_invoice"
"__setup__.account_invoice_35636","base.main_company","__setup__.res_partner_1311","I201710276983","base.EUR","2017-10-27","__setup__.account_journal_7","l10n_ch.1_ch_coa_1100","out_invoice"
"__setup__.account_invoice_36299","base.main_company","__setup__.res_partner_1379","I201711207142","base.EUR","2017-11-20","__setup__.account_journal_7","l10n_ch.1_ch_coa_1100","out_invoice"
"__setup__.account_invoice_36267","base.main_company","__setup__.res_partner_7278","I201711177129","base.EUR","2017-11-17","__setup__.account_journal_7","l10n_ch.1_ch_coa_1100","out_invoice"
"__setup__.account_invoice_36420","base.main_company","__setup__.res_partner_1378","I201711237176","base.EUR","2017-11-23","__setup__.account_journal_7","l10n_ch.1_ch_coa_1100","out_invoice"
"__setup__.account_invoice_36239","base.main_company","__setup__.res_partner_5601","I201711167125","base.CHF","2017-11-16","__setup__.account_journal_7","l10n_ch.1_ch_coa_1100","out_invoice"
"__setup__.account_invoice_34866","base.main_company","__setup__.res_partner_24","I201710056852","base.EUR","2017-10-05","__setup__.account_journal_7","l10n_ch.1_ch_coa_1100","out_invoice"
"__setup__.account_invoice_36318","base.main_company","__setup__.res_partner_10","I201711227160","base.USD","2017-11-22","__setup__.account_journal_7","l10n_ch.1_ch_coa_1100","out_invoice"
"__setup__.account_invoice_36277","base.main_company","__setup__.res_partner_6808","I201711177128","base.EUR","2017-11-17","__setup__.account_journal_7","l10n_ch.1_ch_coa_1100","out_invoice"
"__setup__.account_invoice_35320","base.main_company","__setup__.res_partner_7248","I201710126891","base.USD","2017-10-12","__setup__.account_journal_7","l10n_ch.1_ch_coa_1100","out_invoice"
"__setup__.account_invoice_36096","base.main_company","__setup__.res_partner_1099","I201711177131","base.USD","2017-11-17","__setup__.account_journal_7","l10n_ch.1_ch_coa_1100","out_invoice"
"__setup__.account_invoice_36151","base.main_company","__setup__.res_partner_2689","I201711147099","base.USD","2017-11-14","__setup__.account_journal_7","l10n_ch.1_ch_coa_1100","out_invoice"
"__setup__.account_invoice_35644","base.main_company","__setup__.res_partner_1162","I201710276985","base.USD","2017-10-27","__setup__.account_journal_7","l10n_ch.1_ch_coa_1100","out_invoice"
"__setup__.account_invoice_36297","base.main_company","__setup__.res_partner_91","I201711207143","base.USD","2017-11-20","__setup__.account_journal_7","l10n_ch.1_ch_coa_1100","out_invoice"
"__setup__.account_invoice_36453","base.main_company","__setup__.res_partner_6456","I201711277193","base.EUR","2017-11-27","__setup__.account_journal_7","l10n_ch.1_ch_coa_1100","out_invoice"
"__setup__.account_invoice_35711","base.main_company","__setup__.res_partner_3169","I201710317017","base.EUR","2017-10-31","__setup__.account_journal_7","l10n_ch.1_ch_coa_1100","out_invoice"
"__setup__.account_invoice_35691","base.main_company","__setup__.res_partner_4456","I201710317019","base.CHF","2017-10-31","__setup__.account_journal_7","l10n_ch.1_ch_coa_1100","out_invoice"
"__setup__.account_invoice_36679","base.main_company","__setup__.res_partner_1099","","base.USD","","__setup__.account_journal_7","l10n_ch.1_ch_coa_1100","out_invoice"
"__setup__.account_invoice_35276","base.main_company","__setup__.res_partner_6341","I201710276993","base.CHF","2017-10-27","__setup__.account_journal_7","l10n_ch.1_ch_coa_1100","out_invoice"
"__setup__.account_invoice_35714","base.main_company","__setup__.res_partner_2689","I201710317015","base.USD","2017-10-31","__setup__.account_journal_7","l10n_ch.1_ch_coa_1100","out_invoice"
"__setup__.account_invoice_36295","base.main_company","__setup__.res_partner_7429","I201711207144","base.EUR","2017-11-20","__setup__.account_journal_7","l10n_ch.1_ch_coa_1100","out_invoice"
"__setup__.account_invoice_35664","base.main_company","__setup__.res_partner_1099","I201711177132","base.USD","2017-11-17","__setup__.account_journal_7","l10n_ch.1_ch_coa_1100","out_invoice"
"__setup__.account_invoice_36132","base.main_company","__setup__.res_partner_4737","I201711147100","base.USD","2017-11-14","__setup__.account_journal_7","l10n_ch.1_ch_coa_1100","out_invoice"
"__setup__.account_invoice_35712","base.main_company","__setup__.res_partner_2689","I201710317016","base.USD","2017-10-31","__setup__.account_journal_7","l10n_ch.1_ch_coa_1100","out_invoice"
"__setup__.account_invoice_36454","base.main_company","__setup__.res_partner_6456","I201711277194","base.EUR","2017-11-27","__setup__.account_journal_7","l10n_ch.1_ch_coa_1100","out_invoice"
"__setup__.account_invoice_36478","base.main_company","__setup__.res_partner_3169","I201711287196","base.EUR","2017-11-28","__setup__.account_journal_7","l10n_ch.1_ch_coa_1100","out_invoice"
"__setup__.account_invoice_35710","base.main_company","__setup__.res_partner_2839","I201710317018","base.USD","2017-10-31","__setup__.account_journal_7","l10n_ch.1_ch_coa_1100","out_invoice"
"__setup__.account_invoice_34966","base.main_company","__setup__.res_partner_1099","I201711177133","base.USD","2017-11-17","__setup__.account_journal_7","l10n_ch.1_ch_coa_1100","out_invoice"
"__setup__.account_invoice_36294","base.main_company","__setup__.res_partner_3534","I201711207145","base.USD","2017-11-20","__setup__.account_journal_7","l10n_ch.1_ch_coa_1100","out_invoice"
"__setup__.account_invoice_35643","base.main_company","__setup__.res_partner_1162","I201710276986","base.USD","2017-10-27","__setup__.account_journal_7","l10n_ch.1_ch_coa_1100","out_invoice"
"__setup__.account_invoice_35326","base.main_company","__setup__.res_partner_3169","I201710126892","base.EUR","2017-10-12","__setup__.account_journal_7","l10n_ch.1_ch_coa_1100","out_invoice"
"__setup__.account_invoice_35614","base.main_company","__setup__.res_partner_6970","I201710276991","base.USD","2017-10-27","__setup__.account_journal_7","l10n_ch.1_ch_coa_1100","out_invoice"
"__setup__.account_invoice_35967","base.main_company","__setup__.res_partner_1309","I201711077051","base.EUR","2017-11-07","__setup__.account_journal_7","l10n_ch.1_ch_coa_1100","out_invoice"
"__setup__.account_invoice_36093","base.main_company","__setup__.res_partner_6451","","base.USD","2017-11-13","__setup__.account_journal_7","l10n_ch.1_ch_coa_1100","out_invoice"
"__setup__.account_invoice_35400","base.main_company","__setup__.res_partner_6278","I201710176910","base.USD","2017-10-17","__setup__.account_journal_7","l10n_ch.1_ch_coa_1100","out_invoice"
"__setup__.account_invoice_34556","base.main_company","__setup__.res_partner_7110","","base.EUR","","__setup__.account_journal_7","l10n_ch.1_ch_coa_1100","out_invoice"
"__setup__.account_invoice_35637","base.main_company","__setup__.res_partner_1311","I201710276989","base.EUR","2017-10-27","__setup__.account_journal_7","l10n_ch.1_ch_coa_1100","out_invoice"
"__setup__.account_invoice_35584","base.main_company","__setup__.res_partner_6923","I201710256963","base.USD","2017-10-25","__setup__.account_journal_7","l10n_ch.1_ch_coa_1100","out_invoice"
"__setup__.account_invoice_34793","base.main_company","__setup__.res_partner_2848","I201709226794","base.EUR","2017-09-22","__setup__.account_journal_7","l10n_ch.1_ch_coa_1100","out_invoice"
"__setup__.account_invoice_36170","base.main_company","__setup__.res_partner_3169","I201711147109","base.EUR","2017-11-14","__setup__.account_journal_7","l10n_ch.1_ch_coa_1100","out_invoice"
"__setup__.account_invoice_36167","base.main_company","__setup__.res_partner_3169","I201711147105","base.EUR","2017-11-14","__setup__.account_journal_7","l10n_ch.1_ch_coa_1100","out_invoice"
"__setup__.account_invoice_35991","base.main_company","__setup__.res_partner_4737","I201711087057","base.USD","2017-11-08","__setup__.account_journal_7","l10n_ch.1_ch_coa_1100","out_invoice"
"__setup__.account_invoice_36164","base.main_company","__setup__.res_partner_1311","I201711147101","base.EUR","2017-11-14","__setup__.account_journal_7","l10n_ch.1_ch_coa_1100","out_invoice"
"__setup__.account_invoice_35965","base.main_company","__setup__.res_partner_1309","I201711077052","base.EUR","2017-11-07","__setup__.account_journal_7","l10n_ch.1_ch_coa_1100","out_invoice"
"__setup__.account_invoice_36052","base.main_company","__setup__.res_partner_6278","I201711097066","base.USD","2017-11-09","__setup__.account_journal_7","l10n_ch.1_ch_coa_1100","out_invoice"
"__setup__.account_invoice_35471","base.main_company","__setup__.res_partner_7479","I201711027024","base.USD","2017-11-02","__setup__.account_journal_7","l10n_ch.1_ch_coa_1100","out_invoice"
"__setup__.account_invoice_33694","base.main_company","__setup__.res_partner_1021","I201709046679","base.EUR","2017-09-04","__setup__.account_journal_7","l10n_ch.1_ch_coa_1100","out_invoice"
"__setup__.account_invoice_36054","base.main_company","__setup__.res_partner_6451","I201711097067","base.USD","2017-11-09","__setup__.account_journal_7","l10n_ch.1_ch_coa_1100","out_invoice"
"__setup__.account_invoice_35838","base.main_company","__setup__.res_partner_3571","I201711077049","base.USD","2017-11-07","__setup__.account_journal_7","l10n_ch.1_ch_coa_1100","out_invoice"
"__setup__.account_invoice_36596","base.main_company","__setup__.res_partner_4737","I201711307222","base.USD","2017-11-30","__setup__.account_journal_7","l10n_ch.1_ch_coa_1100","out_invoice"
"__setup__.account_invoice_36616","base.main_company","__setup__.res_partner_6451","I201711307227","base.USD","2017-11-30","__setup__.account_journal_7","l10n_ch.1_ch_coa_1100","out_invoice"
"__setup__.account_invoice_32669","base.main_company","__setup__.res_partner_5745","I201706306330","base.USD","2017-06-30","__setup__.account_journal_7","l10n_ch.1_ch_coa_1100","out_invoice"
"__setup__.account_invoice_36620","base.main_company","__setup__.res_partner_6451","I201711307228","base.USD","2017-11-30","__setup__.account_journal_7","l10n_ch.1_ch_coa_1100","out_invoice"
"__setup__.account_invoice_36597","base.main_company","__setup__.res_partner_4737","I201711307223","base.USD","2017-11-30","__setup__.account_journal_7","l10n_ch.1_ch_coa_1100","out_invoice"
"__setup__.account_invoice_36055","base.main_company","__setup__.res_partner_6451","I201711097068","base.USD","2017-11-09","__setup__.account_journal_7","l10n_ch.1_ch_coa_1100","out_invoice"
"__setup__.account_invoice_35820","base.main_company","__setup__.res_partner_262","I201711017021","base.USD","2017-11-01","__setup__.account_journal_7","l10n_ch.1_ch_coa_1100","out_invoice"
"__setup__.account_invoice_36186","base.main_company","__setup__.res_partner_1021","I201711157114","base.EUR","2017-11-15","__setup__.account_journal_7","l10n_ch.1_ch_coa_1100","out_invoice"
"__setup__.account_invoice_35667","base.main_company","__setup__.res_partner_1099","I201711077053","base.USD","2017-11-07","__setup__.account_journal_7","l10n_ch.1_ch_coa_1100","out_invoice"
"__setup__.account_invoice_36595","base.main_company","__setup__.res_partner_1162","I201711307221","base.USD","2017-11-30","__setup__.account_journal_7","l10n_ch.1_ch_coa_1100","out_invoice"
"__setup__.account_invoice_36187","base.main_company","__setup__.res_partner_1021","I201711157115","base.EUR","2017-11-15","__setup__.account_journal_7","l10n_ch.1_ch_coa_1100","out_invoice"
"__setup__.account_invoice_35888","base.main_company","__setup__.res_partner_6456","I201711027028","base.EUR","2017-11-02","__setup__.account_journal_7","l10n_ch.1_ch_coa_1100","out_invoice"
"__setup__.account_invoice_35836","base.main_company","__setup__.res_partner_7248","I201711017023","base.USD","2017-11-01","__setup__.account_journal_7","l10n_ch.1_ch_coa_1100","out_invoice"
"__setup__.account_invoice_34967","base.main_company","__setup__.res_partner_1099","I201711147102","base.USD","2017-11-14","__setup__.account_journal_7","l10n_ch.1_ch_coa_1100","out_invoice"
"__setup__.account_invoice_36193","base.main_company","__setup__.res_partner_6360","I201711157116","base.CHF","2017-11-15","__setup__.account_journal_7","l10n_ch.1_ch_coa_1100","out_invoice"
"__setup__.account_invoice_36034","base.main_company","__setup__.res_partner_3534","I201711087059","base.USD","2017-11-08","__setup__.account_journal_7","l10n_ch.1_ch_coa_1100","out_invoice"
"__setup__.account_invoice_36201","base.main_company","__setup__.res_partner_2689","I201711157118","base.USD","2017-11-15","__setup__.account_journal_7","l10n_ch.1_ch_coa_1100","out_invoice"
"__setup__.account_invoice_35985","base.main_company","__setup__.res_partner_1099","I201711147104","base.USD","2017-11-14","__setup__.account_journal_7","l10n_ch.1_ch_coa_1100","out_invoice"
"__setup__.account_invoice_36099","base.main_company","__setup__.res_partner_6451","I201711107081","base.USD","2017-11-10","__setup__.account_journal_7","l10n_ch.1_ch_coa_1100","out_invoice"
"__setup__.account_invoice_35451","base.main_company","__setup__.res_partner_7278","I201711097070","base.EUR","2017-11-09","__setup__.account_journal_7","l10n_ch.1_ch_coa_1100","out_invoice"
"__setup__.account_invoice_36617","base.main_company","__setup__.res_partner_6451","I201711307226","base.USD","2017-11-30","__setup__.account_journal_7","l10n_ch.1_ch_coa_1100","out_invoice"
"__setup__.account_invoice_35423","base.main_company","__setup__.res_partner_6278","I201711097071","base.USD","2017-11-09","__setup__.account_journal_7","l10n_ch.1_ch_coa_1100","out_invoice"
"__setup__.account_invoice_36053","base.main_company","__setup__.res_partner_6278","I201711107080","base.USD","2017-11-10","__setup__.account_journal_7","l10n_ch.1_ch_coa_1100","out_invoice"
"__setup__.account_invoice_36084","base.main_company","__setup__.res_partner_262","I201711097073","base.USD","2017-11-09","__setup__.account_journal_7","l10n_ch.1_ch_coa_1100","out_invoice"
"__setup__.account_invoice_35615","base.main_company","__setup__.res_partner_2649","I201711097072","base.EUR","2017-11-09","__setup__.account_journal_7","l10n_ch.1_ch_coa_1100","out_invoice"
"__setup__.account_invoice_36439","base.main_company","__setup__.res_partner_4737","I201711277181","base.USD","2017-11-27","__setup__.account_journal_7","l10n_ch.1_ch_coa_1100","out_invoice"
"__setup__.account_invoice_36594","base.main_company","__setup__.res_partner_1311","I201711297218","base.EUR","2017-11-29","__setup__.account_journal_7","l10n_ch.1_ch_coa_1100","out_invoice"
"__setup__.account_invoice_36083","base.main_company","__setup__.res_partner_91","I201711097074","base.USD","2017-11-09","__setup__.account_journal_7","l10n_ch.1_ch_coa_1100","out_invoice"
"__setup__.account_invoice_34509","base.main_company","__setup__.res_partner_1099","I201709116708","base.USD","2017-09-11","__setup__.account_journal_7","l10n_ch.1_ch_coa_1100","out_invoice"
"__setup__.account_invoice_36107","base.main_company","__setup__.res_partner_7207","I201711137083","base.USD","2017-11-13","__setup__.account_journal_7","l10n_ch.1_ch_coa_1100","out_invoice"
"__setup__.account_invoice_35943","base.main_company","__setup__.res_partner_7412","I201711097075","base.USD","2017-11-09","__setup__.account_journal_7","l10n_ch.1_ch_coa_1100","out_invoice"
"__setup__.account_invoice_36351","base.main_company","__setup__.res_partner_6456","I201711227156","base.EUR","2017-11-22","__setup__.account_journal_7","l10n_ch.1_ch_coa_1100","out_invoice"
"__setup__.account_invoice_36407","base.main_company","__setup__.res_partner_4737","I201711237169","base.USD","2017-11-23","__setup__.account_journal_7","l10n_ch.1_ch_coa_1100","out_invoice"
"__setup__.account_invoice_36537","base.main_company","__setup__.res_partner_6451","I201711307230","base.USD","2017-11-30","__setup__.account_journal_7","l10n_ch.1_ch_coa_1100","out_invoice"
"__setup__.account_invoice_36352","base.main_company","__setup__.res_partner_1780","I201711227162","base.CHF","2017-11-22","__setup__.account_journal_7","l10n_ch.1_ch_coa_1100","out_invoice"
"__setup__.account_invoice_36588","base.main_company","__setup__.res_partner_3909","I201711297212","base.EUR","2017-11-29","__setup__.account_journal_7","l10n_ch.1_ch_coa_1100","out_invoice"
"__setup__.account_invoice_36577","base.main_company","__setup__.res_partner_7248","I201711297210","base.USD","2017-11-29","__setup__.account_journal_7","l10n_ch.1_ch_coa_1100","out_invoice"
"__setup__.account_invoice_36395","base.main_company","__setup__.res_partner_6319","I201711227164","base.USD","2017-11-22","__setup__.account_journal_7","l10n_ch.1_ch_coa_1100","out_invoice"
"__setup__.account_invoice_36618","base.main_company","__setup__.res_partner_1311","I201711307229","base.EUR","2017-11-30","__setup__.account_journal_7","l10n_ch.1_ch_coa_1100","out_invoice"
"__setup__.account_invoice_36526","base.main_company","__setup__.res_partner_2689","I201711287202","base.USD","2017-11-28","__setup__.account_journal_7","l10n_ch.1_ch_coa_1100","out_invoice"
"__setup__.account_invoice_36512","base.main_company","__setup__.res_partner_6451","I201711287200","base.USD","2017-11-28","__setup__.account_journal_7","l10n_ch.1_ch_coa_1100","out_invoice"
"__setup__.account_invoice_36154","base.main_company","__setup__.res_partner_196","I201711297217","base.USD","2017-11-29","__setup__.account_journal_7","l10n_ch.1_ch_coa_1100","out_invoice"
"__setup__.account_invoice_36585","base.main_company","__setup__.res_partner_1793","I201711297211","base.EUR","2017-11-29","__setup__.account_journal_7","l10n_ch.1_ch_coa_1100","out_invoice"
"__setup__.account_invoice_36578","base.main_company","__setup__.res_partner_1309","I201711297213","base.EUR","2017-11-29","__setup__.account_journal_7","l10n_ch.1_ch_coa_1100","out_invoice"
"__setup__.account_invoice_36394","base.main_company","__setup__.res_partner_6138","I201711227165","base.CHF","2017-11-22","__setup__.account_journal_7","l10n_ch.1_ch_coa_1100","out_invoice"
"__setup__.account_invoice_36396","base.main_company","__setup__.res_partner_1311","I201711227163","base.EUR","2017-11-22","__setup__.account_journal_7","l10n_ch.1_ch_coa_1100","out_invoice"
"__setup__.account_invoice_36406","base.main_company","__setup__.res_partner_6456","I201711227168","base.EUR","2017-11-22","__setup__.account_journal_7","l10n_ch.1_ch_coa_1100","out_invoice"
"__setup__.account_invoice_36153","base.main_company","__setup__.res_partner_196","I201711297214","base.USD","2017-11-29","__setup__.account_journal_7","l10n_ch.1_ch_coa_1100","out_invoice"
"__setup__.account_invoice_36423","base.main_company","__setup__.res_partner_7207","I201711237177","base.USD","2017-11-23","__setup__.account_journal_7","l10n_ch.1_ch_coa_1100","out_invoice"
"__setup__.account_invoice_36525","base.main_company","__setup__.res_partner_1021","I201711287203","base.EUR","2017-11-28","__setup__.account_journal_7","l10n_ch.1_ch_coa_1100","out_invoice"
"__setup__.account_invoice_36509","base.main_company","__setup__.res_partner_7248","I201711287208","base.USD","2017-11-28","__setup__.account_journal_7","l10n_ch.1_ch_coa_1100","out_invoice"
"__setup__.account_invoice_36523","base.main_company","__setup__.res_partner_970","I201711287205","base.EUR","2017-11-28","__setup__.account_journal_7","l10n_ch.1_ch_coa_1100","out_invoice"
"__setup__.account_invoice_36048","base.main_company","__setup__.res_partner_6360","I201711307231","base.CHF","2017-11-30","__setup__.account_journal_7","l10n_ch.1_ch_coa_1100","out_invoice"
"__setup__.account_invoice_36405","base.main_company","__setup__.res_partner_1378","I201711227167","base.EUR","2017-11-22","__setup__.account_journal_7","l10n_ch.1_ch_coa_1100","out_invoice"
"__setup__.account_invoice_36510","base.main_company","__setup__.res_partner_2689","I201711287207","base.USD","2017-11-28","__setup__.account_journal_7","l10n_ch.1_ch_coa_1100","out_invoice"
"__setup__.account_invoice_36528","base.main_company","__setup__.res_partner_538","I201711287201","base.USD","2017-11-28","__setup__.account_journal_7","l10n_ch.1_ch_coa_1100","out_invoice"
"__setup__.account_invoice_36524","base.main_company","__setup__.res_partner_6591","I201711287204","base.EUR","2017-11-28","__setup__.account_journal_7","l10n_ch.1_ch_coa_1100","out_invoice"
"__setup__.account_invoice_36507","base.main_company","__setup__.res_partner_3169","I201711287209","base.EUR","2017-11-28","__setup__.account_journal_7","l10n_ch.1_ch_coa_1100","out_invoice"
"__setup__.account_invoice_36520","base.main_company","__setup__.res_partner_1793","","base.EUR","2017-11-28","__setup__.account_journal_7","l10n_ch.1_ch_coa_1100","out_invoice"
"__setup__.account_invoice_34627","base.main_company","__setup__.res_partner_7380","I201710196929","base.USD","2017-10-19","__setup__.account_journal_7","l10n_ch.1_ch_coa_1100","out_invoice"
"__setup__.account_invoice_34063","base.main_company","__setup__.res_partner_3219","I201709146734","base.EUR","2017-09-14","__setup__.account_journal_7","l10n_ch.1_ch_coa_1100","out_invoice"
"__setup__.account_invoice_34662","base.main_company","__setup__.res_partner_6319","","base.USD","","__setup__.account_journal_7","l10n_ch.1_ch_coa_1100","out_invoice"
